iteration,episode_reward,episode_length,elapsed_time,best_reward
0,-1440,99,3.970353364944458,-1440
1,-1605,99,7.530925512313843,-1440
2,-2070,99,10.933443784713745,-1440
3,-2400,99,14.836703538894653,-1440
4,-1500,99,189.7310700416565,-1440
5,-2065,99,193.42506051063538,-1440
6,-2215,99,196.86798620224,-1440
7,-2585,99,201.0418426990509,-1440
8,-1595,99,205.18602633476257,-1440
9,-2330,99,209.41250824928284,-1440
10,-1275,99,213.3529999256134,-1275
11,-1815,99,217.28564023971558,-1275
12,-1795,99,220.97711372375488,-1275
13,-2295,99,224.86607217788696,-1275
14,-3605,99,229.63403940200806,-1275
15,-1975,99,233.45378398895264,-1275
16,-2695,99,237.28191494941711,-1275
17,-3250,99,241.01846313476562,-1275
18,-815,99,244.94675254821777,-815
19,-895,99,248.51991844177246,-815
20,-1340,99,252.16691517829895,-815
21,-1690,99,256.0444347858429,-815
22,-1870,99,259.36044931411743,-815
23,-1270,99,262.85365653038025,-815
24,-2090,99,267.17283391952515,-815
25,-2205,99,271.4176113605499,-815
26,-1805,99,274.9494721889496,-815
27,-1065,99,278.45280718803406,-815
28,-3310,99,282.09648060798645,-815
29,-2335,99,286.62258529663086,-815
30,-1925,99,290.267578125,-815
31,-2125,99,294.10649967193604,-815
32,-1500,99,297.8366415500641,-815
33,-2720,99,302.00330805778503,-815
34,-1540,99,306.1022880077362,-815
35,-3235,99,309.21564769744873,-815
36,-1140,99,313.70106983184814,-815
37,-2530,99,317.7128999233246,-815
38,-1330,99,321.0846872329712,-815
39,-1895,99,325.3611149787903,-815
40,-1420,99,329.73176074028015,-815
41,-1325,99,332.29176354408264,-815
42,-1680,99,336.2594544887543,-815
43,-1850,99,339.8943145275116,-815
44,-2195,99,342.8348865509033,-815
45,-2405,99,346.34253883361816,-815
46,-2610,99,349.83270502090454,-815
47,-1560,99,353.26067876815796,-815
48,-2555,99,356.93543314933777,-815
49,-1065,99,360.5242693424225,-815
50,-2115,99,363.84143567085266,-815
51,-1965,99,367.6563231945038,-815
52,-2185,99,370.9165208339691,-815
53,-1455,99,374.4582965373993,-815
54,-735,99,378.26978039741516,-735
55,-855,99,383.0180401802063,-735
56,-3995,99,387.05265045166016,-735
57,-2795,99,391.1812982559204,-735
58,-3265,99,394.82741260528564,-735
59,-1750,99,399.37497091293335,-735
60,-2390,99,403.17841362953186,-735
61,-2665,99,406.4491789340973,-735
62,-1445,99,409.3193862438202,-735
63,-2005,99,413.5544545650482,-735
64,-1515,99,417.6650972366333,-735
65,-2195,99,421.70561957359314,-735
66,-1080,99,425.1894016265869,-735
67,-4850,99,430.0967607498169,-735
68,-1490,99,433.7644875049591,-735
69,-1640,99,437.65039324760437,-735
70,-1775,99,440.7761254310608,-735
71,-2445,99,444.338383436203,-735
72,-1030,99,447.7521345615387,-735
73,-3710,99,452.4642560482025,-735
74,-710,99,455.72211933135986,-710
75,-2045,99,459.56948471069336,-710
76,-2095,99,463.32159185409546,-710
77,-2585,99,466.9537992477417,-710
78,-2395,99,470.6991105079651,-710
79,-2260,99,474.0635826587677,-710
80,-1575,99,477.91165018081665,-710
81,-2475,99,481.0324296951294,-710
82,-805,99,484.3723473548889,-710
83,-1815,99,488.3690493106842,-710
84,-3575,99,491.6695189476013,-710
85,-1465,99,495.5631477832794,-710
86,-2780,99,499.8323702812195,-710
87,-2615,99,503.69092559814453,-710
88,-655,99,507.2882671356201,-655
89,-1435,99,510.82530331611633,-655
90,-2045,99,514.3467042446136,-655
91,-2015,99,518.3371658325195,-655
92,-3535,99,522.2004017829895,-655
93,-1615,99,525.4711213111877,-655
94,-1530,99,529.5988578796387,-655
95,-1635,99,533.4593861103058,-655
96,-2010,99,536.6384687423706,-655
97,-2420,99,540.3640508651733,-655
98,-1675,99,543.4865219593048,-655
99,-3010,99,547.2769811153412,-655
100,-2940,99,551.3329873085022,-655
101,-2005,99,555.4489839076996,-655
102,-2770,99,559.378125667572,-655
103,-1990,99,562.7537915706635,-655
104,-1665,99,565.9755485057831,-655
105,-1475,99,569.4096081256866,-655
106,-3490,99,572.7625577449799,-655
107,-1700,99,576.7717859745026,-655
108,-1485,99,580.8158659934998,-655
109,-1425,99,584.1583681106567,-655
110,-3970,99,587.8010277748108,-655
111,-1505,99,591.5677630901337,-655
112,-2115,99,595.365585565567,-655
113,-3375,99,599.250542640686,-655
114,-2970,99,602.7107241153717,-655
115,-910,99,606.1530227661133,-655
116,-1750,99,609.6578607559204,-655
117,-2295,99,613.00195145607,-655
118,-1615,99,616.1304261684418,-655
119,-2140,99,620.0680508613586,-655
120,-3115,99,623.6378700733185,-655
121,-1640,99,627.1960418224335,-655
122,-1205,99,631.1235389709473,-655
123,-1730,99,634.742570400238,-655
124,-1700,99,638.0488324165344,-655
125,-2485,99,641.743814945221,-655
126,-1785,99,645.035281419754,-655
127,-1770,99,648.9496960639954,-655
128,-1715,99,652.812572479248,-655
129,-2615,99,656.3943734169006,-655
130,-1225,99,660.6280188560486,-655
131,-1765,99,664.568332195282,-655
132,-1315,99,668.3359336853027,-655
133,-2665,99,672.4945683479309,-655
134,-2450,99,675.8170223236084,-655
135,-1675,99,679.2958102226257,-655
136,-3140,99,683.1172034740448,-655
137,-1215,99,686.7228569984436,-655
138,-1355,99,690.7830662727356,-655
139,-1410,99,693.6917994022369,-655
140,-3145,99,698.0034654140472,-655
141,-635,99,701.6726489067078,-635
142,-2495,99,705.524899482727,-635
143,-2430,99,709.2223043441772,-635
144,-2790,99,713.5225548744202,-635
145,-2895,99,717.3113145828247,-635
146,-2015,99,720.8707613945007,-635
147,-2285,99,724.7937355041504,-635
148,-3210,99,728.3508770465851,-635
149,-1105,99,732.2070178985596,-635
150,-2820,99,735.553612947464,-635
151,-4100,99,739.9390075206757,-635
152,-3235,99,744.0276753902435,-635
153,-1850,99,748.1061959266663,-635
154,-2565,99,751.627938747406,-635
155,-1630,99,755.9656383991241,-635
156,-2565,99,759.4700314998627,-635
157,-1970,99,762.5409593582153,-635
158,-3180,99,765.9817352294922,-635
159,-1505,99,769.1142647266388,-635
160,-1675,99,772.507744550705,-635
161,-2760,99,776.9738790988922,-635
162,-2990,99,780.7398943901062,-635
163,-2260,99,784.0756430625916,-635
164,-1140,99,787.3542704582214,-635
165,-1960,99,791.7495789527893,-635
166,-1925,99,795.3933818340302,-635
167,-1685,99,799.2285346984863,-635
168,-1430,99,802.3590261936188,-635
169,-3600,99,806.9701104164124,-635
170,-2190,99,810.4489846229553,-635
171,-730,99,813.8968422412872,-635
172,-2725,99,817.4729268550873,-635
173,-1105,99,821.3657670021057,-635
174,-1910,99,825.414614200592,-635
175,-875,99,828.8542835712433,-635
176,-3135,99,832.1981825828552,-635
177,-2340,99,836.2126648426056,-635
178,-1710,99,839.4147527217865,-635
179,-1880,99,842.9578990936279,-635
180,-2675,99,846.8856112957001,-635
181,-1770,99,850.6079065799713,-635
182,-1295,99,854.5039398670197,-635
183,-1545,99,858.7358918190002,-635
184,-3060,99,862.754608631134,-635
185,-1560,99,866.6817395687103,-635
186,-1660,99,870.4637765884399,-635
187,-1310,99,874.580436706543,-635
188,-1325,99,878.138669013977,-635
189,-2980,99,882.2885901927948,-635
190,-2165,99,886.5998485088348,-635
191,-1680,99,890.0823085308075,-635
192,-2695,99,894.0003204345703,-635
193,-1430,99,896.9776637554169,-635
194,-1925,99,900.373583316803,-635
195,-2695,99,903.9251754283905,-635
196,-2425,99,907.5555069446564,-635
197,-2900,99,911.6389815807343,-635
198,-1155,99,914.9202675819397,-635
199,-1125,99,917.8591799736023,-635
200,-1580,99,921.0964109897614,-635
201,-2430,99,925.7898235321045,-635
202,-2015,99,929.7607445716858,-635
203,-1970,99,933.2879951000214,-635
204,-2665,99,936.7605373859406,-635
205,-1290,99,939.8588950634003,-635
206,-850,99,944.1333487033844,-635
207,-2405,99,948.0073747634888,-635
208,-2325,99,951.6261577606201,-635
209,-2675,99,955.6957886219025,-635
210,-2095,99,959.6701602935791,-635
211,-2405,99,963.3755173683167,-635
212,-1580,99,966.9834485054016,-635
213,-2400,99,970.1389155387878,-635
214,-1730,99,973.2727606296539,-635
215,-640,99,977.3295092582703,-635
216,-2065,99,980.8899567127228,-635
217,-1460,99,984.2994012832642,-635
218,-1650,99,988.3709952831268,-635
219,-1470,99,992.2183556556702,-635
220,-1840,99,995.3846788406372,-635
221,-2435,99,999.2360694408417,-635
222,-3155,99,1002.5376255512238,-635
223,-3095,99,1005.9549758434296,-635
224,-3335,99,1009.7183821201324,-635
225,-1750,99,1013.6951014995575,-635
226,-2370,99,1017.9622724056244,-635
227,-1955,99,1021.2921867370605,-635
228,-2530,99,1025.1113111972809,-635
229,-2845,99,1029.6735835075378,-635
230,-1495,99,1034.0532841682434,-635
231,-2000,99,1038.6491227149963,-635
232,-2785,99,1042.820656299591,-635
233,-2790,99,1046.6663196086884,-635
234,-1945,99,1050.3999722003937,-635
235,-1335,99,1053.7807834148407,-635
236,-1855,99,1058.0818254947662,-635
237,-2170,99,1061.9428730010986,-635
238,-1980,99,1065.5579862594604,-635
239,-3260,99,1070.2493307590485,-635
240,-2235,99,1073.6448111534119,-635
241,-1845,99,1077.0406022071838,-635
242,-1405,99,1080.8188858032227,-635
243,-2100,99,1084.689849615097,-635
244,-2105,99,1087.7447686195374,-635
245,-1635,99,1091.7634088993073,-635
246,-955,99,1095.3826744556427,-635
247,-1545,99,1099.2141449451447,-635
248,-2095,99,1102.4146683216095,-635
249,-1955,99,1106.6660571098328,-635
250,-1830,99,1110.4217274188995,-635
251,-1980,99,1113.8579745292664,-635
252,-2205,99,1117.5422706604004,-635
253,-660,99,1120.3291141986847,-635
254,-1780,99,1124.5510876178741,-635
255,-1390,99,1128.0146207809448,-635
256,-3515,99,1132.6650972366333,-635
257,-1210,99,1137.0183815956116,-635
258,-1425,99,1141.063149213791,-635
259,-1040,99,1144.171954870224,-635
260,-1495,99,1146.9900450706482,-635
261,-2245,99,1150.8791484832764,-635
262,-1465,99,1154.842457294464,-635
263,-1660,99,1157.9958188533783,-635
264,-1000,99,1162.3883419036865,-635
265,-2005,99,1166.0324761867523,-635
266,-1865,99,1169.488173007965,-635
267,-1760,99,1172.8604037761688,-635
268,-1785,99,1176.3526992797852,-635
269,-1075,99,1179.586142539978,-635
270,-1765,99,1183.1407358646393,-635
271,-850,99,1186.61572265625,-635
272,-2835,99,1190.9050827026367,-635
273,-1685,99,1194.1360573768616,-635
274,-1450,99,1197.189175605774,-635
275,-1965,99,1201.4627451896667,-635
276,-1420,99,1205.4954748153687,-635
277,-2005,99,1208.3834166526794,-635
278,-880,99,1211.698266029358,-635
279,-1050,99,1215.4883217811584,-635
280,-2115,99,1219.8461391925812,-635
281,-850,99,1223.2371668815613,-635
282,-1685,99,1227.1717412471771,-635
283,-2220,99,1231.1609251499176,-635
284,-1735,99,1235.3801884651184,-635
285,-2890,99,1239.2718007564545,-635
286,-1415,99,1243.0264055728912,-635
287,-850,99,1246.2581298351288,-635
288,-3615,99,1250.5160202980042,-635
289,-1745,99,1253.8097639083862,-635
290,-1870,99,1257.9097650051117,-635
291,-2135,99,1262.0281386375427,-635
292,-1705,99,1265.827374458313,-635
293,-3935,99,1269.7406446933746,-635
294,-1765,99,1273.3015432357788,-635
295,-3665,99,1277.364602804184,-635
296,-1835,99,1281.2368850708008,-635
297,-1285,99,1284.7282934188843,-635
298,-1890,99,1288.760814189911,-635
299,-2820,99,1292.347582101822,-635
300,-1910,99,1296.6858584880829,-635
301,-3110,99,1300.7101652622223,-635
302,-2755,99,1305.1095807552338,-635
303,-2455,99,1308.780898809433,-635
304,-1885,99,1312.2824659347534,-635
305,-2780,99,1316.5581974983215,-635
306,-2010,99,1319.9666996002197,-635
307,-1165,99,1323.6058521270752,-635
308,-1000,99,1327.4256405830383,-635
309,-2310,99,1331.3432757854462,-635
310,-1405,99,1334.678456068039,-635
311,-1690,99,1339.0555965900421,-635
312,-1450,99,1342.43252658844,-635
313,-1055,99,1346.4118309020996,-635
314,-2655,99,1349.889673948288,-635
315,-2300,99,1353.3652958869934,-635
316,-2760,99,1356.9073195457458,-635
317,-1095,99,1360.2295172214508,-635
318,-1730,99,1363.6181814670563,-635
319,-885,99,1368.0378096103668,-635
320,-1435,99,1371.6301412582397,-635
321,-1515,99,1376.1101577281952,-635
322,-940,99,1380.1813230514526,-635
323,-1700,99,1384.306739807129,-635
324,-1225,99,1388.3075835704803,-635
325,-2575,99,1391.7483968734741,-635
326,-1905,99,1395.2178444862366,-635
327,-1675,99,1398.4638693332672,-635
328,-2790,99,1402.2876162528992,-635
329,-1360,99,1405.3482692241669,-635
330,-1550,99,1409.034677028656,-635
331,-1280,99,1412.9407887458801,-635
332,-1915,99,1416.4504532814026,-635
333,-3120,99,1419.7494266033173,-635
334,-2230,99,1423.8127534389496,-635
335,-1895,99,1427.316801071167,-635
336,-2560,99,1431.176652431488,-635
337,-2160,99,1434.5346565246582,-635
338,-4265,99,1438.0731854438782,-635
339,-1925,99,1441.249585866928,-635
340,-2595,99,1444.7778911590576,-635
341,-1895,99,1448.312402009964,-635
342,-1605,99,1452.3207623958588,-635
343,-2500,99,1456.1806943416595,-635
344,-1430,99,1459.658597946167,-635
345,-1700,99,1463.1301221847534,-635
346,-2135,99,1467.2861685752869,-635
347,-1895,99,1470.6559233665466,-635
348,-1810,99,1474.6207869052887,-635
349,-2000,99,1478.3638954162598,-635
350,-3515,99,1481.6884951591492,-635
351,-2165,99,1485.2622621059418,-635
352,-1145,99,1488.9842121601105,-635
353,-1885,99,1492.499750137329,-635
354,-1380,99,1496.195130109787,-635
355,-1455,99,1500.120676279068,-635
356,-2180,99,1503.7727138996124,-635
357,-1925,99,1507.171063899994,-635
358,-940,99,1510.6662094593048,-635
359,-1640,99,1514.06782746315,-635
360,-1795,99,1517.8767716884613,-635
361,-1520,99,1521.8747990131378,-635
362,-735,99,1525.0571057796478,-635
363,-1635,99,1528.9050579071045,-635
364,-1940,99,1532.128527879715,-635
365,-2800,99,1535.7238512039185,-635
366,-2450,99,1539.5803525447845,-635
367,-2475,99,1544.0468776226044,-635
368,-1565,99,1547.9850401878357,-635
369,-1405,99,1551.8347992897034,-635
370,-2210,99,1556.1831164360046,-635
371,-2310,99,1559.7984156608582,-635
372,-1975,99,1564.1111962795258,-635
373,-1815,99,1568.2619843482971,-635
374,-905,99,1571.5657725334167,-635
375,-2225,99,1575.3815445899963,-635
376,-1900,99,1578.7898259162903,-635
377,-2125,99,1582.7112908363342,-635
378,-1285,99,1586.3009157180786,-635
379,-1720,99,1589.827020406723,-635
380,-1520,99,1594.1880989074707,-635
381,-1495,99,1598.2814981937408,-635
382,-1205,99,1602.1129312515259,-635
383,-1840,99,1606.0871031284332,-635
384,-1860,99,1609.4107961654663,-635
385,-1685,99,1612.5158381462097,-635
386,-1110,99,1616.1885035037994,-635
387,-1730,99,1619.6593720912933,-635
388,-3490,99,1623.5061917304993,-635
389,-2195,99,1627.8397119045258,-635
390,-2015,99,1632.1791489124298,-635
391,-1995,99,1635.8208088874817,-635
392,-2485,99,1639.7664637565613,-635
393,-2170,99,1643.3735642433167,-635
394,-2525,99,1646.9996435642242,-635
395,-2370,99,1650.376534461975,-635
396,-1440,99,1654.1370830535889,-635
397,-1890,99,1658.1012380123138,-635
398,-1970,99,1661.7295026779175,-635
399,-2710,99,1665.0978531837463,-635
400,-1900,99,1669.1916642189026,-635
401,-2815,99,1672.523354291916,-635
402,-3435,99,1676.6772425174713,-635
403,-1115,99,1680.82683968544,-635
404,-2500,99,1684.9953610897064,-635
405,-1670,99,1689.1596841812134,-635
406,-600,99,1693.4871366024017,-600
407,-2825,99,1697.4465899467468,-600
408,-1320,99,1701.0094785690308,-600
409,-2080,99,1705.0790417194366,-600
410,-2490,99,1709.5769517421722,-600
411,-2760,99,1713.954402923584,-600
412,-2445,99,1718.1681263446808,-600
413,-2785,99,1721.9123389720917,-600
414,-2625,99,1725.3740832805634,-600
415,-1640,99,1728.3086740970612,-600
416,-1250,99,1731.4528069496155,-600
417,-1315,99,1734.7791764736176,-600
418,-2945,99,1738.7329156398773,-600
419,-1615,99,1742.2620775699615,-600
420,-1120,99,1745.9400215148926,-600
421,-2580,99,1749.6827085018158,-600
422,-1815,99,1753.3682754039764,-600
423,-1515,99,1756.7188334465027,-600
424,-2065,99,1760.4640176296234,-600
425,-1565,99,1763.888869524002,-600
426,-1405,99,1767.3598477840424,-600
427,-1935,99,1770.9667258262634,-600
428,-4770,99,1775.2724027633667,-600
429,-1965,99,1778.824611902237,-600
430,-2065,99,1782.7699165344238,-600
431,-3270,99,1786.4721612930298,-600
432,-1655,99,1790.077439546585,-600
433,-1090,99,1793.2534940242767,-600
434,-2750,99,1797.0312492847443,-600
435,-1905,99,1801.4728789329529,-600
436,-1270,99,1805.1021554470062,-600
437,-2795,99,1809.0160326957703,-600
438,-1690,99,1813.4071202278137,-600
439,-1500,99,1817.0339913368225,-600
440,-2220,99,1821.0239317417145,-600
441,-1375,99,1825.340842962265,-600
442,-1250,99,1829.2853045463562,-600
443,-2730,99,1832.8904113769531,-600
444,-2480,99,1836.3501493930817,-600
445,-1595,99,1840.695878982544,-600
446,-2020,99,1845.1003766059875,-600
447,-2490,99,1849.553138256073,-600
448,-1450,99,1852.5001430511475,-600
449,-1550,99,1856.8194189071655,-600
450,-1765,99,1860.7078506946564,-600
451,-1415,99,1864.4811482429504,-600
452,-2910,99,1868.8685131072998,-600
453,-1400,99,1871.7605392932892,-600
454,-3180,99,1875.463482618332,-600
455,-2710,99,1879.528652191162,-600
456,-1770,99,1882.5429849624634,-600
457,-1960,99,1886.3361110687256,-600
458,-3485,99,1889.9489800930023,-600
459,-1215,99,1893.3825852870941,-600
460,-1110,99,1896.790681362152,-600
461,-1135,99,1899.8086767196655,-600
462,-2095,99,1903.36345911026,-600
463,-1925,99,1906.5240595340729,-600
464,-1345,99,1910.1162071228027,-600
465,-3415,99,1913.459088087082,-600
466,-1895,99,1916.8592445850372,-600
467,-2245,99,1920.0881865024567,-600
468,-1885,99,1924.2188665866852,-600
469,-1540,99,1927.8903152942657,-600
470,-3125,99,1931.9758124351501,-600
471,-2220,99,1936.0093274116516,-600
472,-2605,99,1939.5286839008331,-600
473,-1865,99,1943.405986070633,-600
474,-2980,99,1947.2466292381287,-600
475,-1815,99,1950.6810901165009,-600
476,-1685,99,1953.9451808929443,-600
477,-2105,99,1957.7665088176727,-600
478,-1775,99,1961.5868225097656,-600
479,-3265,99,1965.1345460414886,-600
480,-1355,99,1968.789510011673,-600
481,-1855,99,1972.4151051044464,-600
482,-2785,99,1975.7385075092316,-600
483,-1800,99,1979.5990436077118,-600
484,-3265,99,1983.6201858520508,-600
485,-2120,99,1986.8867211341858,-600
486,-2955,99,1991.3047995567322,-600
487,-2275,99,1995.427041053772,-600
488,-1860,99,1999.00683760643,-600
489,-1610,99,2002.1604766845703,-600
490,-1995,99,2005.9122412204742,-600
491,-2165,99,2009.9807789325714,-600
492,-1935,99,2012.651612520218,-600
493,-1105,99,2016.3918197154999,-600
494,-1515,99,2019.9989113807678,-600
495,-1950,99,2023.8194823265076,-600
496,-1535,99,2027.6925387382507,-600
497,-1915,99,2030.846678495407,-600
498,-1580,99,2034.4315152168274,-600
499,-1815,99,2037.9123425483704,-600
500,-2510,99,2041.9995019435883,-600
501,-2220,99,2045.7917306423187,-600
502,-915,99,2049.5555601119995,-600
503,-2615,99,2053.3972704410553,-600
504,-2425,99,2056.862523794174,-600
505,-1665,99,2060.307160615921,-600
506,-1945,99,2064.4297404289246,-600
507,-860,99,2067.7179362773895,-600
508,-1830,99,2071.168411254883,-600
509,-2710,99,2074.5527777671814,-600
510,-3555,99,2078.423093557358,-600
511,-2035,99,2082.7080116271973,-600
512,-2760,99,2087.061511516571,-600
513,-2505,99,2090.5940775871277,-600
514,-2210,99,2093.868754863739,-600
515,-1950,99,2097.40478682518,-600
516,-730,99,2100.856868982315,-600
517,-3250,99,2104.478460073471,-600
518,-1390,99,2108.9947550296783,-600
519,-2660,99,2112.432678461075,-600
520,-1685,99,2116.142293691635,-600
521,-2130,99,2120.231951713562,-600
522,-1685,99,2123.761155605316,-600
523,-1620,99,2126.9026362895966,-600
524,-1995,99,2131.4215757846832,-600
525,-1355,99,2135.0268561840057,-600
526,-3495,99,2138.33788728714,-600
527,-1935,99,2142.216128587723,-600
528,-3280,99,2146.4097170829773,-600
529,-1365,99,2150.2155244350433,-600
530,-2565,99,2154.397091627121,-600
531,-2275,99,2157.7753360271454,-600
532,-1510,99,2161.9424607753754,-600
533,-975,99,2165.9046926498413,-600
534,-1730,99,2169.3821732997894,-600
535,-3530,99,2173.221153497696,-600
536,-1730,99,2177.409043073654,-600
537,-2925,99,2181.3196494579315,-600
538,-3265,99,2185.342080116272,-600
539,-1990,99,2188.8177807331085,-600
540,-1150,99,2192.6377413272858,-600
541,-1600,99,2196.5240211486816,-600
542,-1615,99,2199.7973046302795,-600
543,-3305,99,2204.056661128998,-600
544,-1850,99,2207.430150747299,-600
545,-2710,99,2210.5876698493958,-600
546,-2060,99,2214.588459968567,-600
547,-2195,99,2218.4430844783783,-600
548,-3105,99,2221.805315256119,-600
549,-2185,99,2225.158506155014,-600
550,-985,99,2229.0995514392853,-600
551,-1270,99,2232.1971666812897,-600
552,-1505,99,2235.9341418743134,-600
553,-2565,99,2239.4049150943756,-600
554,-1385,99,2243.960798740387,-600
555,-1950,99,2247.0215849876404,-600
556,-1605,99,2250.915621995926,-600
557,-2675,99,2254.6057019233704,-600
558,-3470,99,2258.176906824112,-600
559,-1380,99,2261.782725572586,-600
560,-3545,99,2265.9601740837097,-600
561,-2020,99,2270.1354863643646,-600
562,-1925,99,2274.1753063201904,-600
563,-2315,99,2278.015123605728,-600
564,-1825,99,2282.430521249771,-600
565,-1560,99,2286.01597738266,-600
566,-1450,99,2289.88104391098,-600
567,-1905,99,2293.8254017829895,-600
568,-3110,99,2297.304874897003,-600
569,-3095,99,2301.253735780716,-600
570,-1815,99,2304.7937676906586,-600
571,-1620,99,2308.30912232399,-600
572,-2365,99,2311.7976834774017,-600
573,-2310,99,2316.064021587372,-600
574,-855,99,2319.420975923538,-600
575,-2670,99,2323.0655307769775,-600
576,-1855,99,2326.8874168395996,-600
577,-1520,99,2329.778539419174,-600
578,-1280,99,2334.0225212574005,-600
579,-1430,99,2337.424880504608,-600
580,-1585,99,2340.9894230365753,-600
581,-2230,99,2344.6315927505493,-600
582,-2745,99,2348.367787361145,-600
583,-3225,99,2352.6701583862305,-600
584,-1820,99,2356.2999355793,-600
585,-1605,99,2359.189418554306,-600
586,-1205,99,2362.5268778800964,-600
587,-1960,99,2366.7056720256805,-600
588,-2570,99,2369.7810366153717,-600
589,-2980,99,2373.389325618744,-600
590,-2395,99,2377.5134856700897,-600
591,-2520,99,2381.408942937851,-600
592,-1590,99,2385.507702589035,-600
593,-2535,99,2389.6325323581696,-600
594,-2770,99,2394.2371349334717,-600
595,-3135,99,2398.2036352157593,-600
596,-2770,99,2402.497663259506,-600
597,-1280,99,2406.2313692569733,-600
598,-2015,99,2409.0671651363373,-600
599,-2060,99,2413.251848220825,-600
600,-1930,99,2417.1748723983765,-600
601,-2050,99,2421.6250364780426,-600
602,-1705,99,2425.0753412246704,-600
603,-2095,99,2429.4652626514435,-600
604,-1750,99,2432.9375097751617,-600
605,-1045,99,2437.788248062134,-600
606,-2100,99,2441.3753502368927,-600
607,-2450,99,2445.9534406661987,-600
608,-2815,99,2449.9180324077606,-600
609,-1385,99,2453.8403856754303,-600
610,-1790,99,2456.4712574481964,-600
611,-2040,99,2459.4573743343353,-600
612,-1680,99,2462.791463136673,-600
613,-2730,99,2466.4174196720123,-600
614,-2540,99,2469.6073718070984,-600
615,-2635,99,2473.3831131458282,-600
616,-2465,99,2477.319527864456,-600
617,-2740,99,2481.5920815467834,-600
618,-1645,99,2485.5427186489105,-600
619,-2690,99,2489.344207048416,-600
620,-1965,99,2493.345857143402,-600
621,-1805,99,2496.666804790497,-600
622,-1260,99,2501.1651360988617,-600
623,-1640,99,2504.9796001911163,-600
624,-2750,99,2508.911530017853,-600
625,-3185,99,2513.0954558849335,-600
626,-1640,99,2516.81893324852,-600
627,-1905,99,2520.7558131217957,-600
628,-2010,99,2524.1933512687683,-600
629,-1440,99,2527.586315870285,-600
630,-655,99,2530.2859902381897,-600
631,-1360,99,2533.052813768387,-600
632,-1470,99,2536.857452392578,-600
633,-2355,99,2540.911461830139,-600
634,-2345,99,2544.7812139987946,-600
635,-1995,99,2548.0531857013702,-600
636,-2370,99,2551.1054623126984,-600
637,-855,99,2554.429174900055,-600
638,-2750,99,2558.3926792144775,-600
639,-1515,99,2562.4159359931946,-600
640,-1390,99,2566.1525399684906,-600
641,-2330,99,2570.8208861351013,-600
642,-2395,99,2574.5758299827576,-600
643,-1435,99,2578.110347032547,-600
644,-2015,99,2581.011106491089,-600
645,-1420,99,2585.0539770126343,-600
646,-1995,99,2588.5268607139587,-600
647,-2730,99,2592.055632829666,-600
648,-1850,99,2595.8290939331055,-600
649,-3345,99,2599.9880306720734,-600
650,-3795,99,2603.9258782863617,-600
651,-2025,99,2607.1980810165405,-600
652,-2540,99,2611.5900514125824,-600
653,-1545,99,2615.470682144165,-600
654,-1270,99,2619.2113103866577,-600
655,-1395,99,2623.3665018081665,-600
656,-825,99,2626.568481683731,-600
657,-1295,99,2630.2840209007263,-600
658,-3545,99,2633.790608406067,-600
659,-2650,99,2637.5237534046173,-600
660,-885,99,2641.779272079468,-600
661,-1295,99,2645.437749147415,-600
662,-2435,99,2649.769035577774,-600
663,-1070,99,2653.297989845276,-600
664,-2745,99,2657.68585395813,-600
665,-1670,99,2660.7304956912994,-600
666,-1760,99,2664.37455368042,-600
667,-3130,99,2668.6995692253113,-600
668,-1740,99,2672.146185874939,-600
669,-840,99,2676.3320088386536,-600
670,-2135,99,2679.94753408432,-600
671,-1510,99,2683.54145526886,-600
672,-2415,99,2686.898806810379,-600
673,-1025,99,2691.3019988536835,-600
674,-2520,99,2694.787623167038,-600
675,-1475,99,2698.5758843421936,-600
676,-1625,99,2702.965538740158,-600
677,-1335,99,2706.9390556812286,-600
678,-2285,99,2710.2670550346375,-600
679,-2895,99,2713.984266281128,-600
680,-1615,99,2717.9038496017456,-600
681,-2510,99,2722.1061012744904,-600
682,-3140,99,2725.9728603363037,-600
683,-810,99,2730.08341217041,-600
684,-3825,99,2734.183645963669,-600
685,-2180,99,2738.2116498947144,-600
686,-3625,99,2741.5696494579315,-600
687,-2225,99,2745.259919643402,-600
688,-3585,99,2749.5306553840637,-600
689,-2160,99,2754.360324382782,-600
690,-4200,99,2758.7279176712036,-600
691,-2335,99,2763.3552029132843,-600
692,-1290,99,2767.2552087306976,-600
693,-1495,99,2771.442107439041,-600
694,-2390,99,2775.280745267868,-600
695,-2915,99,2779.575971841812,-600
696,-2015,99,2783.6040687561035,-600
697,-1650,99,2787.358598470688,-600
698,-1385,99,2791.442432641983,-600
699,-1280,99,2795.343138694763,-600
700,-820,99,2799.204648733139,-600
701,-2295,99,2802.6993634700775,-600
702,-1080,99,2805.8883244991302,-600
703,-1015,99,2809.7314627170563,-600
704,-2945,99,2814.0292415618896,-600
705,-1060,99,2817.690707206726,-600
706,-2185,99,2821.3617765903473,-600
707,-3125,99,2824.998160839081,-600
708,-1705,99,2828.4984300136566,-600
709,-1725,99,2832.2804839611053,-600
710,-1265,99,2836.2789380550385,-600
711,-1020,99,2840.2388751506805,-600
712,-2135,99,2844.1038930416107,-600
713,-2735,99,2847.4126360416412,-600
714,-1420,99,2851.3817534446716,-600
715,-2410,99,2855.012858390808,-600
716,-2430,99,2858.175836086273,-600
717,-1830,99,2862.0408067703247,-600
718,-1680,99,2865.5122859477997,-600
719,-2095,99,2870.160646915436,-600
720,-1750,99,2873.983796596527,-600
721,-2635,99,2877.743359565735,-600
722,-1880,99,2882.003962993622,-600
723,-955,99,2885.8283767700195,-600
724,-3150,99,2889.369877099991,-600
725,-1030,99,2892.421119451523,-600
726,-2800,99,2896.0069987773895,-600
727,-1815,99,2899.07567858696,-600
728,-3640,99,2902.4317989349365,-600
729,-1965,99,2905.9819569587708,-600
730,-2075,99,2909.650113105774,-600
731,-2635,99,2913.779105901718,-600
732,-1520,99,2917.9306733608246,-600
733,-4800,99,2921.8904938697815,-600
734,-1195,99,2925.4650399684906,-600
735,-2255,99,2930.4461216926575,-600
736,-1920,99,2933.857072353363,-600
737,-1465,99,2937.688598394394,-600
738,-3435,99,2942.1403806209564,-600
739,-1095,99,2945.6399161815643,-600
740,-2415,99,2949.626136779785,-600
741,-2485,99,2953.6459708213806,-600
742,-2160,99,2956.920653820038,-600
743,-2580,99,2960.3075139522552,-600
744,-2055,99,2964.300730228424,-600
745,-1555,99,2968.2618038654327,-600
746,-1910,99,2971.942400455475,-600
747,-1425,99,2976.2296390533447,-600
748,-2560,99,2980.3238089084625,-600
749,-3350,99,2984.097718477249,-600
750,-1680,99,2988.4708671569824,-600
751,-1105,99,2991.939574241638,-600
752,-1935,99,2996.813369512558,-600
753,-2130,99,3001.019851922989,-600
754,-2600,99,3005.038026332855,-600
755,-2930,99,3009.706304550171,-600
756,-1720,99,3013.052686691284,-600
757,-2645,99,3017.358879327774,-600
758,-3290,99,3021.264493227005,-600
759,-2240,99,3024.799571990967,-600
760,-565,99,3028.6896727085114,-565
761,-1985,99,3032.7948729991913,-565
762,-3090,99,3036.723772287369,-565
763,-1575,99,3040.7318818569183,-565
764,-3115,99,3044.6288816928864,-565
765,-2295,99,3048.243907690048,-565
766,-1850,99,3051.827040195465,-565
767,-2210,99,3055.5067987442017,-565
768,-1555,99,3059.099109888077,-565
769,-1700,99,3062.83771443367,-565
770,-1725,99,3065.778475046158,-565
771,-1870,99,3070.1067776679993,-565
772,-1760,99,3073.523966550827,-565
773,-2960,99,3077.6340186595917,-565
774,-2940,99,3080.8837609291077,-565
775,-1355,99,3084.885554790497,-565
776,-2235,99,3088.35390996933,-565
777,-2020,99,3091.991861343384,-565
778,-1500,99,3095.9058413505554,-565
779,-1980,99,3099.937793970108,-565
780,-3855,99,3104.025965690613,-565
781,-1275,99,3107.7936594486237,-565
782,-2900,99,3111.323583841324,-565
783,-1715,99,3115.3120481967926,-565
784,-2415,99,3119.5335853099823,-565
785,-2410,99,3123.525463581085,-565
786,-2475,99,3126.9964833259583,-565
787,-2035,99,3130.8379554748535,-565
788,-1525,99,3135.1604204177856,-565
789,-940,99,3138.7828340530396,-565
790,-2720,99,3142.27241230011,-565
791,-2230,99,3146.2098524570465,-565
792,-2495,99,3150.2612104415894,-565
793,-1990,99,3153.981281042099,-565
794,-2080,99,3157.9464995861053,-565
795,-2185,99,3161.639524459839,-565
796,-1775,99,3165.5955007076263,-565
797,-1715,99,3169.004904270172,-565
798,-1485,99,3172.709805727005,-565
799,-1035,99,3176.431428670883,-565
800,-2635,99,3180.866077184677,-565
801,-2860,99,3184.5595531463623,-565
802,-1240,99,3188.0808963775635,-565
803,-2740,99,3191.6106247901917,-565
804,-2415,99,3194.8803749084473,-565
805,-1290,99,3198.393494606018,-565
806,-1450,99,3201.4586741924286,-565
807,-2160,99,3205.244436264038,-565
808,-2895,99,3209.744973897934,-565
809,-2670,99,3213.3280124664307,-565
810,-3460,99,3217.181354522705,-565
811,-3330,99,3220.458107948303,-565
812,-2260,99,3224.3787457942963,-565
813,-2255,99,3228.1772935390472,-565
814,-575,99,3231.9417498111725,-565
815,-2430,99,3235.1406819820404,-565
816,-1600,99,3239.598613023758,-565
817,-1405,99,3243.3524470329285,-565
818,-1625,99,3247.26948428154,-565
819,-2305,99,3250.4168395996094,-565
820,-3250,99,3253.723086118698,-565
821,-1375,99,3257.055342912674,-565
822,-1755,99,3260.837605714798,-565
823,-1765,99,3264.020562648773,-565
824,-1395,99,3267.410491704941,-565
825,-4065,99,3271.151280641556,-565
826,-1200,99,3274.9330973625183,-565
827,-1040,99,3278.443457365036,-565
828,-1585,99,3281.8856794834137,-565
829,-1880,99,3285.6464562416077,-565
830,-990,99,3288.523557662964,-565
831,-1225,99,3291.5453238487244,-565
832,-1030,99,3294.9628484249115,-565
833,-635,99,3298.6001160144806,-565
834,-2265,99,3302.611840248108,-565
835,-1995,99,3305.744284629822,-565
836,-1265,99,3308.7385902404785,-565
837,-1800,99,3311.835053920746,-565
838,-2495,99,3315.198586702347,-565
839,-1670,99,3319.137324333191,-565
840,-1965,99,3323.2216770648956,-565
841,-3120,99,3327.5285189151764,-565
842,-3265,99,3331.755922794342,-565
843,-2080,99,3335.6907930374146,-565
844,-3190,99,3339.8061163425446,-565
845,-1900,99,3344.026873111725,-565
846,-1070,99,3347.3943099975586,-565
847,-3145,99,3351.7210092544556,-565
848,-1675,99,3355.421867132187,-565
849,-2820,99,3359.5458924770355,-565
850,-1450,99,3363.37908744812,-565
851,-2270,99,3366.871529817581,-565
852,-980,99,3370.3679287433624,-565
853,-1220,99,3374.055704832077,-565
854,-1045,99,3377.5690503120422,-565
855,-2425,99,3382.0969848632812,-565
856,-2220,99,3385.3950922489166,-565
857,-990,99,3388.853650331497,-565
858,-2665,99,3392.96249294281,-565
859,-2230,99,3396.933377981186,-565
860,-2640,99,3401.4210731983185,-565
861,-1335,99,3405.013862133026,-565
862,-935,99,3408.750096797943,-565
863,-1430,99,3412.1395523548126,-565
864,-2690,99,3416.3148005008698,-565
865,-1540,99,3420.51545381546,-565
866,-790,99,3424.414357662201,-565
867,-2040,99,3427.714492559433,-565
868,-1780,99,3431.3314349651337,-565
869,-1665,99,3435.376494407654,-565
870,-1620,99,3438.9438366889954,-565
871,-1325,99,3442.8582723140717,-565
872,-2570,99,3447.661947965622,-565
873,-3275,99,3452.1413826942444,-565
874,-1975,99,3456.1984810829163,-565
875,-1975,99,3459.7864241600037,-565
876,-2360,99,3463.5191173553467,-565
877,-1470,99,3467.0967750549316,-565
878,-2565,99,3471.5951511859894,-565
879,-1300,99,3475.3401374816895,-565
880,-1705,99,3479.002272129059,-565
881,-1505,99,3482.7515997886658,-565
882,-2595,99,3486.392706155777,-565
883,-1910,99,3489.9966592788696,-565
884,-485,99,3493.357607126236,-485
885,-1725,99,3497.0085241794586,-485
886,-2015,99,3500.395964384079,-485
887,-1735,99,3503.6784811019897,-485
888,-2080,99,3507.458598136902,-485
889,-1840,99,3511.4853405952454,-485
890,-2410,99,3515.273364305496,-485
891,-1985,99,3519.2370145320892,-485
892,-1230,99,3523.3141095638275,-485
893,-2560,99,3526.2998242378235,-485
894,-395,99,3530.3022649288177,-395
895,-1820,99,3534.1477138996124,-395
896,-1695,99,3538.039647579193,-395
897,-1385,99,3541.399691581726,-395
898,-1020,99,3544.928291320801,-395
899,-850,99,3548.9489674568176,-395
900,-1105,99,3553.0082654953003,-395
901,-1205,99,3556.3347771167755,-395
902,-3185,99,3559.696054458618,-395
903,-1120,99,3563.876518011093,-395
904,-1680,99,3567.986759185791,-395
905,-1135,99,3572.0738015174866,-395
906,-1320,99,3575.7439589500427,-395
907,-1605,99,3579.274858236313,-395
908,-2175,99,3583.32634305954,-395
909,-780,99,3586.895180463791,-395
910,-985,99,3591.1459567546844,-395
911,-3400,99,3595.0580892562866,-395
912,-2660,99,3599.2170293331146,-395
913,-920,99,3602.500344514847,-395
914,-2900,99,3606.293511390686,-395
915,-790,99,3609.8564853668213,-395
916,-1960,99,3613.826240301132,-395
917,-2385,99,3617.224987268448,-395
918,-2800,99,3620.6764335632324,-395
919,-2545,99,3624.856786966324,-395
920,-1645,99,3628.105144262314,-395
921,-2325,99,3632.311727285385,-395
922,-1110,99,3635.5589742660522,-395
923,-2320,99,3639.9307441711426,-395
924,-1720,99,3643.8252437114716,-395
925,-1785,99,3647.7382776737213,-395
926,-1780,99,3651.408976793289,-395
927,-1495,99,3655.74666428566,-395
928,-2135,99,3660.176819086075,-395
929,-1745,99,3664.599342107773,-395
930,-2275,99,3668.5990154743195,-395
931,-2300,99,3671.932315349579,-395
932,-1895,99,3675.9674637317657,-395
933,-1815,99,3679.220400094986,-395
934,-3040,99,3683.0595269203186,-395
935,-1255,99,3686.5670804977417,-395
936,-1400,99,3690.1937754154205,-395
937,-1475,99,3693.638030767441,-395
938,-1515,99,3697.150166988373,-395
939,-1800,99,3700.955694913864,-395
940,-1185,99,3704.196711063385,-395
941,-1555,99,3708.826397895813,-395
942,-1815,99,3712.929958820343,-395
943,-1185,99,3716.4551486968994,-395
944,-2400,99,3720.763087749481,-395
945,-2735,99,3724.321135044098,-395
946,-1765,99,3727.7805700302124,-395
947,-2255,99,3731.0949959754944,-395
948,-1650,99,3735.019387483597,-395
949,-2045,99,3738.9775083065033,-395
950,-2780,99,3742.5041546821594,-395
951,-1585,99,3746.2666625976562,-395
952,-2050,99,3750.2377643585205,-395
953,-2730,99,3754.0727858543396,-395
954,-1230,99,3757.841395139694,-395
955,-2940,99,3761.56929564476,-395
956,-2265,99,3765.4075598716736,-395
957,-3520,99,3769.665486097336,-395
958,-1215,99,3773.1027116775513,-395
959,-3455,99,3776.5701744556427,-395
960,-1435,99,3780.5270688533783,-395
961,-1700,99,3784.1911458969116,-395
962,-1750,99,3787.623591899872,-395
963,-2080,99,3791.2797560691833,-395
964,-3095,99,3794.869353055954,-395
965,-3380,99,3798.3552417755127,-395
966,-1480,99,3802.5851287841797,-395
967,-2845,99,3806.6976318359375,-395
968,-1910,99,3809.853810787201,-395
969,-2575,99,3814.1600425243378,-395
970,-2710,99,3817.689963579178,-395
971,-3070,99,3821.0323565006256,-395
972,-2675,99,3824.7625744342804,-395
973,-1725,99,3828.278021812439,-395
974,-2285,99,3831.7394218444824,-395
975,-2710,99,3835.4923169612885,-395
976,-1470,99,3838.9134125709534,-395
977,-1560,99,3842.5981578826904,-395
978,-1360,99,3845.6978261470795,-395
979,-1330,99,3848.9240639209747,-395
980,-2920,99,3852.7906494140625,-395
981,-1995,99,3856.429563522339,-395
982,-1835,99,3860.4278752803802,-395
983,-1015,99,3864.65230178833,-395
984,-2550,99,3868.952191591263,-395
985,-1930,99,3872.4633932113647,-395
986,-880,99,3876.169817209244,-395
987,-1725,99,3880.511358499527,-395
988,-1890,99,3883.757921218872,-395
989,-2715,99,3888.0644567012787,-395
990,-2085,99,3892.035944700241,-395
991,-1040,99,3895.841367959976,-395
992,-2805,99,3899.2994117736816,-395
993,-2225,99,3903.107818841934,-395
994,-2255,99,3907.0622181892395,-395
995,-1325,99,3911.003074645996,-395
996,-1855,99,3915.121397972107,-395
997,-1255,99,3918.379963159561,-395
998,-2155,99,3923.067054271698,-395
999,-2690,99,3926.476767063141,-395
